ID,function_0_identifier,function_0_a,function_0_b,function_1_identifier,function_1_a,function_1_b,function_2_identifier,function_2_a,function_2_b,function_3_identifier,function_3_a,function_3_b,function_4_identifier,function_4_a,function_4_b
0,0,2.3463377451693344,4.5272082453323215,0,2.0206892802608287,4.9270874064290275,0,5.938799600899001,0.01578714449631513,0,7.055226771149297,4.276663525478185,0,0.9917630863598108,-5.817267157157379
1,0,2.2214172665379213,0.6043724077585448,0,4.061101108073411,2.972003141182457,0,4.06959101073008,13.134835292240023,0,3.268837283361387,7.733044989108084,0,-2.4833761354866084,11.511236326248646
2,0,1.6843002126776785,2.661978180308682,0,5.117297321028803,6.954308946793561,0,4.802522226452185,-5.933799583885332,0,0.439185007650686,1.79415291418076,0,-1.4479154043440952,-7.357877038419625
3,0,4.94022890705507,4.715603343012147,0,3.493188581918293,4.740226641514203,0,6.604540452613086,7.11263272856219,0,0.4848894315516983,2.96600652542405,0,5.604486213993205,4.377669384823449
4,0,5.041824931870629,4.82706063910129,0,3.2855342009107207,3.035728608256776,0,3.6362978362068197,-4.094736274516154,0,-1.300065772477788,2.550296077675661,0,-3.4214289593844276,7.213328260300408
5,0,3.8932703677380935,2.8595866112792314,0,6.102181021880036,5.283614768447292,0,3.0164867513994014,12.774304099492397,0,2.562152703870499,3.1622226767121546,0,6.339186855095397,1.9677277986051736
6,0,5.004721308850429,3.603655654879212,0,2.827385116120082,4.792862602849892,0,2.428263556752866,0.9305856423044403,0,1.9968990125459918,0.6300626388758581,0,2.6306896394703743,-6.239205895951551
7,0,2.7742274175094357,1.5598772112296562,0,1.9554144872864017,1.5916683233441047,0,5.244449626261067,8.276572553289164,0,8.256787829214868,6.030918984945698,0,-3.572321327752838,-0.3860164991644215
8,0,7.6800765258027734,4.12873013361439,0,4.968756804635518,4.097794722077613,0,8.196427384969525,13.340039162051497,0,4.297817525944923,3.656561000413837,0,-2.8440155372122042,-5.2769153906734125
9,0,5.73218674943662,2.786538224754445,0,5.496979682731687,6.175158700312377,0,5.667912549001578,4.716929213713899,0,4.366509453713982,0.486789694490247,0,6.987270574351792,0.10721427552695673
10,0,0.16976020627837185,3.5857766096928865,0,4.062085429379438,2.6652440109308184,0,4.906406007514618,5.448632012641571,0,5.901032371026837,0.27581794847155505,0,-9.104971219178493,5.1003824863462395
11,0,2.5149654321672212,4.526144068557673,0,1.2489267909450894,6.684239440236439,0,3.933085475651442,4.261490949269986,0,4.1258693757992795,4.350735786095498,0,5.862483693017504,7.021127178606337
12,0,1.5644522007810555,6.839176075276675,0,3.242167496164176,2.362688859085904,0,4.960111199583949,7.261086296879057,0,6.698699620553266,-1.3172804265094076,0,-1.5479855513724772,3.0018445172155483
13,0,5.363017052659683,4.3611411491628544,0,4.651541814419213,3.4115603305481583,0,3.907418094864338,4.58785792498583,0,4.5604636483709005,4.966835466660697,0,4.874049597523342,1.7463123207380962
14,0,2.464306119815805,3.850536594601486,0,3.1293529304941394,1.939984149318755,0,4.182894895511503,2.638091705334767,0,6.247606265188526,9.138463053545077,0,-3.9602748023663255,4.805673802289277
15,0,4.080555520917527,5.791835063640008,0,2.75353836900164,4.639355034231011,0,3.2878874129984372,8.520712831012682,0,2.2178116731500555,2.175701311458199,0,0.9560964599488935,-2.4262245134711016
16,0,4.102974723892931,3.3398688986729343,0,4.803598683446899,4.828400745783776,0,3.696119033467668,6.185472838364678,0,5.82848995270829,8.29630191849288,0,-0.03874733970305888,-7.156795056170774
17,0,5.21360723586485,2.2147141967034245,0,-0.7067667177195336,7.03731616414913,0,2.04237556139046,-4.610048765806681,0,4.757509448786177,-0.6959337802291139,0,-0.5152707943675718,-3.01729086495257
18,0,4.468823865637292,4.7672361354468995,0,1.6408164058561212,2.8149262976199143,0,4.734660501704667,7.6444460527525955,0,-0.6419130009469196,3.383995460765418,0,7.57460588304227,7.730776946496988
19,0,5.529179622423756,4.73538470658187,0,6.811449088201733,2.60658282808531,0,4.614352712241726,2.250473565118944,0,0.5764084899514734,6.8737324513538685,0,-0.26930490653385775,1.2754797609104567
20,0,4.532116094708632,2.584846451785336,0,3.371579039126791,3.2583782161055526,0,3.497820612887428,7.695822231037035,0,1.2618802367493553,1.8750371089078355,0,0.8525966083240295,1.5379288205954866
21,0,1.5375618673298206,6.689985164286925,0,0.6551598654222657,1.4885325173412598,0,4.550794888770381,0.5202572754848624,0,3.357927170312479,0.9052116528875827,0,1.480145479222227,-2.5137562656478156
22,0,2.2342530071999462,3.106342542317777,0,5.484831769188803,2.7819559922817367,0,4.348847573734186,0.17457237825738203,0,-2.7041331191548483,9.19842872554833,0,4.108823785240397,0.7892103522111977
23,0,1.1895367589993624,5.0867595119060365,0,6.228394625604695,3.8563785913414117,0,4.7083479973903035,5.130932911098737,0,9.31124652148748,0.2551240933700356,0,-1.7297494092441212,6.5923178348861855
24,0,1.616220688361822,3.0081635001347298,0,5.826814770294758,0.33378742677658524,0,1.8714714387725393,9.294033826932921,0,1.9765999725670487,2.482358551926218,0,1.7369895390174228,5.591374142056472
25,0,1.8862410708404571,3.366588714776526,0,3.9120999047693923,4.1000644240679245,0,1.1408640142593591,0.08628274272045022,0,0.9867561884346245,7.74335314260756,0,8.441932943063769,-1.269476723327529
26,0,3.6527318629755534,4.0959692932689595,0,5.331097543846355,5.234478392533272,0,1.7303448980161358,-5.689718683664746,0,-0.8158855760932422,-0.16118197828951297,0,1.6026985115228536,6.780781027987054
27,0,5.966473293996776,2.5096685556874667,0,5.036343223908073,2.3961675987810604,0,4.330482313912518,-2.8146331409371186,0,2.2387002886733263,-5.093375409156658,0,-0.9905568334577244,7.165677565777842
28,0,5.374235137919225,3.7630156677945266,0,7.147336065586555,6.490036488060128,0,2.09020961710279,1.5252098925817086,0,8.969754214963451,1.4438051355678088,0,1.65088503771327,1.5887118006601144
29,0,2.3823976510580955,1.6152889289912196,0,3.5984839109393287,6.398047958637241,0,7.303344273165514,3.6729358059289448,0,1.9772850725484583,3.116259727358919,0,-5.4881603642244166,11.240079145409581
30,0,3.6252598016140483,0.48095056941131764,0,2.056854183746341,6.081792713255779,0,2.6607314318464503,2.8816396945961085,0,1.0967052952731078,2.5408162265650502,0,1.881945550144765,2.213805332278818
31,0,2.1852083315763293,-0.12640664674698066,0,1.3965631787705082,0.6336014893409003,0,5.028365164631069,-6.809930565212646,0,1.6787026118297095,1.7603852191508875,0,4.545863682387489,3.4756243180839252
32,0,1.6640067630413808,-0.8695125278176574,0,8.431258858088974,2.0456326303549406,0,2.106826893088229,2.8396777837773772,0,3.196332370384007,1.650114833972628,0,4.420685543705984,1.884981686158618
33,0,3.834150599231199,2.1875645593461672,0,4.286672634547844,2.519042846368574,0,1.7635177586238804,5.342736103122095,0,5.524701652456185,6.842701160455453,0,-1.896193997785895,5.315070320287371
34,0,6.816841972134992,1.661084233009963,0,2.447701841012556,2.3782082086234126,0,2.769206487028679,5.741052068196343,0,4.873469790903066,0.27278840864156995,0,-2.54286556932092,-6.220992085554233
35,0,2.700160287165712,3.2895982212076085,0,7.6246551679622785,3.7943429746382824,0,2.168980286078277,1.756416313786926,0,-6.587843032050708,1.127010999822914,0,4.468565387269695,-0.7106920751438563
36,0,3.1729072008321486,1.582657339683088,0,6.319669969997418,2.6301808277674383,0,5.493452401428675,3.887281691273373,0,9.019414157652099,1.528703474372357,0,2.6449154691018095,6.371014040305355
37,0,3.945702890121014,4.9067936997608035,0,6.633795666811099,4.02768042412617,0,10.964170444380162,5.766441019690806,0,-1.8088442222362064,5.99534127058696,0,3.958178184688871,3.503865486305104
38,0,-0.8738191395623254,3.5062931754594553,0,4.1321311348158885,5.175996374703448,0,6.3519266485979164,-1.8154494087054904,0,-0.546210495865191,6.314610707607698,0,-8.14403031928984,-6.075485146289253
39,0,1.775637208477367,3.074440499227959,0,5.186735722198129,3.8328978339953435,0,2.7561101442166644,-1.167532559705053,0,5.631222076599629,3.522561946495876,0,-1.6165911701291846,1.6131528874263652
40,0,2.478943920680838,3.1148849274827786,0,3.526218950331027,2.2569570964665844,0,2.5869328742177897,1.56679264174761,0,6.089734559707257,-1.775194552800245,0,0.488601307468403,2.5067713552574094
41,0,0.06279007157965477,4.36351180473974,0,6.982760781961407,5.568251256867824,0,3.712357425658381,3.1966376318795398,0,4.547470991900557,3.072904386148751,0,1.5532872984231014,13.788877876451663
42,0,0.16300184913176752,3.0639276827999384,0,3.923471974111798,5.040981665059809,0,3.436210909197212,0.6583985598655935,0,2.8451472555660393,7.94401919868163,0,-2.0220393001409525,4.045679304409458
43,0,3.051628882797149,1.4078168765870478,0,6.499798788968306,5.326998412927116,0,3.45863958329403,3.930934219115393,0,-5.533414942321663,-7.976037802475716,0,-4.796706613005307,2.785569684814783
44,0,4.6265641868192136,4.220810585160626,0,-0.7561197448007722,2.8170246829601577,0,7.30933437414831,5.681361328892367,0,-0.941237425807917,2.083174045697405,0,8.530845365964101,3.603748657716487
45,0,6.090458354599727,4.702403038212238,0,5.9540355701793395,4.92043663569965,0,4.358963897724231,-3.07543502300417,0,5.685087887258321,1.7620751156890209,0,3.138873667375001,6.047286409448403
46,0,4.070848185199954,6.2822124311483245,0,2.32043868573136,5.915311900686009,0,0.3453124830306815,-0.2862338347708322,0,1.6302205748625418,6.386381048180216,0,-2.994729026168079,6.891407206180844
47,0,5.578615075518892,0.6257751070596611,0,4.012550184059111,8.03034949474634,0,4.559512717666573,-0.9017788547739221,0,5.820447953649786,0.19883374058606162,0,-0.6503605313734533,1.8096157412354734
48,0,3.653984286684281,5.487270918179919,0,2.9366442891115314,6.596909387488143,0,4.899116182288734,7.364219134400665,0,2.326091176698966,0.6899012912043336,0,-7.252929811999291,-0.5422778853556482
49,0,1.7119569468298876,3.4664336799298354,0,5.3197054069586525,4.78241076741728,0,2.624563177736891,-0.4829810104490071,0,6.761821442573636,-0.583786874377386,0,5.4296006062455096,3.2437355982272584
50,0,3.4103849070279306,2.8244793681624847,0,3.8049384804080493,3.0582070494728164,0,2.816801483355414,1.9706064078836305,0,5.511200301629399,0.8563917869885149,0,3.5977446993950886,2.192875898995571
51,0,4.479220319545394,5.234695916472794,0,5.450248752560517,2.5426742065506964,0,0.7789033609864378,0.8452236997479392,0,3.0282986035145854,3.3387434902552577,0,-4.559742858031634,-0.1993505040901944
52,0,1.0300165785053883,2.8438553168774785,0,5.364622006522319,3.5698209202203164,0,6.979825969384271,0.6650122776324086,0,3.1412591625991757,-3.2649359066715853,0,1.9723309145451848,-5.487060060862516
53,0,4.915476587457207,2.139184677454325,0,6.004069163189278,4.779939937265907,0,5.2725385098972755,9.016261308503244,0,-2.5087633724987803,3.1595963622583145,0,-0.8017014256402106,2.1808189238042277
54,0,4.133947306703358,3.0323811841721824,0,2.2680046825979563,2.6011915489881465,0,4.528103447450269,2.612415501797919,0,0.801325843253895,4.089282277730909,0,9.341382969512688,1.7953510707177869
55,0,4.401642088789429,3.8188207781000223,0,1.7400555205871227,4.436725154517737,0,3.046062359268371,-0.490885626603895,0,2.4933504057198803,-1.4108719911877516,0,-0.14311612345969094,2.6303784917671047
56,0,5.668682066848916,8.886072600117648,0,0.11979588616138725,5.561337267819372,0,4.640961534956193,-1.164505410861553,0,7.896788717034303,-2.604409093590311,0,-2.3215677977780294,-1.1312383788721467
57,0,1.5817342677232675,4.077641497581473,0,3.327516143040769,3.7206884459651355,0,3.4592709998925697,1.967088176857447,0,6.701052135080358,-0.24549888152769705,0,1.5578914987590045,-2.2254823837922
58,0,2.0442128894860154,-0.34740622002109056,0,4.914998383598428,5.259308682796428,0,3.224351569384755,0.17289521197750513,0,3.417848854061836,-8.663961693806526,0,1.5394620023338552,-4.918267256079534
59,0,3.9585316888304756,6.443052444484759,0,4.306253736739806,3.140604535633294,0,4.522430845965545,0.8160748781760094,0,1.1040671059145761,-5.516180748085171,0,-0.527524634684299,2.720153345484258
60,0,6.746826844720577,5.164949670406919,0,5.284075496585772,0.9447775865640016,0,3.578137090126257,1.1884523378360967,0,10.200607865440796,4.601786928309911,0,-0.23734152180386658,1.7255863821934203
61,0,3.7542141184187394,3.3409662061557266,0,1.0856532602324518,1.0801554349223275,0,3.730741041111796,15.06952715004121,0,8.235967714420099,2.8777372150596303,0,1.873945265543553,3.9516641610745653
62,0,4.487662911902869,4.284755413793336,0,7.4223623099279115,1.0576455820569368,0,-0.8480375247821925,3.021958640015873,0,1.3832828015301875,7.49856437443449,0,-1.4840221930477644,8.17255350130702
63,0,2.1576789418086295,5.709355986723378,0,3.244257908422167,2.831487482186266,0,1.3251876721740796,-0.142583143029972,0,0.4512249835651685,1.1491818843978392,0,-0.8430549088490946,-0.4783596452729557
64,0,4.406202610225059,2.0753492978646784,0,2.3144823900348115,3.726757452712286,0,2.2451147274688825,4.425335196757085,0,0.19235474763650107,5.778724349232103,0,-2.494662148811769,3.5735886675966517
65,0,2.673096274876187,5.308938160424004,0,3.4084259967951445,2.973678346268719,0,4.409226382729663,-1.1922860531475004,0,3.1634314375923704,2.972347081253698,0,7.647781391216066,3.8629933395723706
66,0,5.860656628798853,2.8764967687952185,0,0.669652912320311,1.9809223226830208,0,3.2714996785662196,1.6752955074262053,0,1.8868149099353955,-1.6865803659990894,0,-2.0738917173758296,2.5885144429821847
67,0,2.165807300011508,2.8452518344669793,0,6.040844884439503,4.357543276181662,0,1.4400676357329694,6.642617637512448,0,-2.9566330793235043,1.5994074138165284,0,1.7818022433393588,5.385739204929356
68,0,5.303594471214957,6.4423224810273325,0,4.549493275970541,6.080042029926183,0,2.8988102212564804,8.356014952031643,0,1.95699339736719,3.6282773535438606,0,4.648013268355287,-3.7089179555284915
69,0,4.3611879263964415,1.2586545455303129,0,1.0068467942871875,1.681440959748997,0,5.144373296431642,2.328735733430322,0,4.277145279571384,-2.6161933381294844,0,-0.6683842326730134,-2.100672886681501
70,0,1.3096991368718385,5.201767797066388,0,6.942353518343845,3.4616444937004074,0,1.4477004915774114,5.204044730058284,0,-0.09915745359911865,2.31016653524211,0,-1.4307233473154195,3.078629968414883
71,0,7.01575034734547,2.6692827500710914,0,4.149881646194796,6.719305801650659,0,-1.795112763280942,0.501854826108528,0,5.010884002100237,-2.5731700733967937,0,3.7810297418994043,2.1274984068203815
72,0,7.532518834297528,0.5732478222300492,0,0.9630871914750876,5.958359451494893,0,3.389535603200012,6.258846493926956,0,1.8739440895892838,-1.8916283278862744,0,8.388012208958258,-3.113631239593956
73,0,6.2663323977379,0.012545575324623748,0,3.2659040180940258,1.3709121054133675,0,4.630072743018417,-0.08032039503815414,0,-1.8700626357051728,-1.649013878138807,0,6.056060048736366,-1.3365810995103948
74,0,4.152924668442433,2.7875933363767045,0,5.303253902069558,3.9772121598514967,0,1.1883118041235026,0.62814754346066,0,3.6812653215048337,4.754890317222857,0,0.8872693516953845,0.1356318799110936
75,0,5.208214512496325,1.579966490578121,0,2.693076538688959,4.911666276561959,0,3.2763536919680734,7.499453448803775,0,-0.9244409012449708,10.59820441897169,0,1.991642760008623,-1.9402452208582255
76,0,3.355286232193092,3.5090044483650056,0,3.113384607452721,6.389283355848507,0,4.236078050772436,0.19651536188162,0,3.2692533880030137,1.5071020736157879,0,10.580217536514294,-0.5716805754966776
77,0,1.9626135753963743,6.637894142571076,0,3.737329034104365,5.412899012469778,0,6.968813676417326,10.537064223112198,0,-0.23732066361760884,-2.4000319155281655,0,5.5421999464810945,-0.6935577452082122
78,0,3.6369648846100002,4.886989362529521,0,6.832241768425618,10.428405374277869,0,-0.4064675073220405,0.36547917957603593,0,1.9520621267451106,7.817461943741227,0,2.555869284839803,-8.104632757041081
79,0,4.8857908204769585,2.4926362755032048,0,2.90644961012294,4.640324080889178,0,3.6993339055336487,2.722654106006592,0,2.7361539310642886,7.252551117042455,0,4.758945911700287,1.6707354514615087
80,0,1.6748865007380207,6.605103784776549,0,3.3032326277555004,0.4163102159275045,0,4.980846237641217,-1.606326718980445,0,0.852121821704936,3.5371625112816236,0,8.315905301549588,-2.3831543750343958
81,0,3.942911125758668,4.627875603886567,0,0.22584487381982177,4.948122492275641,0,1.595460335267148,3.2241987398088847,0,0.8311623444487486,-0.054107329742229204,0,-0.059079015775187926,-1.3497199498138968
82,0,3.295854444056867,2.5766651780837835,0,5.145034033321377,2.498958535306243,0,5.0762750868943645,8.46782740454429,0,4.444596897286031,1.5689544895423098,0,0.021115324639202626,0.02984189886637667
83,0,5.568308951331629,3.676598321876434,0,0.7518551184383822,3.7754713551981807,0,1.7928517981861583,11.725032087924145,0,1.589809241654832,-0.2175799984508906,0,-1.3749377671561662,-2.649967847105911
84,0,1.4479654352609765,1.861621833979901,0,4.931784898649141,4.5584068366590955,0,4.704450770637695,-3.2742206564738634,0,-0.18778567977954008,-2.312976757701807,0,1.9340748577183062,-0.1889336747711492
85,0,4.636762806837527,4.871108502119124,0,3.876531939622315,6.994146740103927,0,5.100457680132876,0.7049373251020201,0,4.206746230193192,2.1464504455307405,0,2.8945526761279754,-1.4236928010894108
86,0,6.58044629507486,2.990315048479281,0,6.144109202190524,4.644928308117743,0,0.9507402884614686,-5.4681014131761305,0,1.5599005254763099,0.25441714120492076,0,-0.9469467631615345,-3.43594075666173
87,0,1.0130401777422584,5.855146067849641,0,5.136437171456034,5.653309422667373,0,4.612950836755425,8.003611795363376,0,5.646827298246908,-1.0679402328054435,0,0.8438246012386676,5.3747857428047325
88,0,3.3863141585424876,3.6259185513952055,0,5.862688725357923,2.5155128096500237,0,1.6108238696032675,1.9312251294388918,0,-0.8929886921196499,2.373966437405829,0,-0.6880023296107045,6.514803197037998
89,0,4.688695462667597,2.944769345070011,0,0.626726586917818,1.987215828848552,0,2.983612807083427,10.057291644583719,0,-2.226988200942393,7.039522010615,0,2.4366492249619416,-4.126424456511582
90,0,6.675659751812331,2.7390636334687306,0,3.7167678522453578,3.7340548845857917,0,7.157635678847922,2.4399988035421134,0,-2.1047405725720063,7.549518942928549,0,1.9107577202794652,5.181282724361862
91,0,3.575840919467361,5.211426422454075,0,3.5809396504772177,1.875342080480622,0,4.294132200784779,0.3520022361388475,0,2.990741369483476,4.243728763864312,0,6.405628327589547,5.688908806717208
92,0,1.1072504011603401,5.242784093792277,0,2.2878657149804953,5.049641228367797,0,3.9048232536926366,5.1987139466148715,0,0.2066666756154012,8.37891612528853,0,0.5430199914413105,-2.367701135447148
93,0,4.571642511416057,0.9925455540335064,0,1.2822094200221152,5.289833288278658,0,2.7726280672622385,-3.5484107761842454,0,9.047640251363205,-4.9414288431465785,0,-1.8002714003433815,2.458307435424225
94,0,3.8590230869870537,8.777474607175154,0,4.2015998342028,5.876765707393639,0,3.76683293222569,2.6607698439184007,0,8.563400093300721,0.442861587987172,0,8.571451113809495,2.643308926383932
95,0,7.810954808234619,5.047096083579442,0,5.7336640870442945,4.262103029498823,0,5.9424338456864785,-1.8341458307783625,0,-3.1971477507479262,-0.08247075437257445,0,5.367913862855334,-0.2595500597012581
96,0,4.132615796649403,1.8329024513854772,0,5.51239677939281,2.4246683458214466,0,3.7150670100061207,4.176144870198069,0,2.200960777405588,-0.5373438764566179,0,1.8135140762403335,0.5708656970470427
97,0,5.660621066237594,2.476653412600392,0,1.5510186314412713,4.569982843844342,0,4.846595148718374,-0.5453630537221859,0,3.3906813816949026,-1.2116042704521943,0,2.254744215860631,2.678681280980901
98,0,2.832768376157074,3.290780465831912,0,5.679278333788952,7.249415789038867,0,3.3181688509111193,-0.36166283519975106,0,2.2897600132132827,-3.70239201036524,0,4.986864869049942,2.836727511757332
99,0,5.731917103380623,4.208480234297078,0,2.510337568684772,1.8347474268897823,0,4.965570358929189,1.5737829323930526,0,6.049958102120191,0.844300600479311,0,7.372355102995718,-4.567943924740971
100,0,1.7495394595238354,2.5326147801688825,0,3.0188542727322045,1.953126185545702,0,3.1537712777597084,2.9425189510586205,0,2.46375424855291,7.480729593629815,0,-0.6395853782480438,3.6860495748986923
101,0,3.739880024905264,6.724666318051849,0,6.055085767704183,2.315009721888333,0,0.802717687069344,7.723169998343642,0,5.545509292534199,2.4832182672397836,0,8.887851556586739,0.44233231568250364
102,0,4.046186860197425,4.0917114801231484,0,1.191850414187635,6.161976895729526,0,2.667281317234949,3.537262710261584,0,-0.12980917169460593,8.94684115392133,0,8.575508427246474,2.591206458783027
103,0,3.0732382209254197,1.9237576757539547,0,6.986744582176888,1.4010311241970372,0,5.062567176545415,4.4567051907747235,0,1.0396967173810228,5.044177575151955,0,2.5070025583794138,-4.499215011304242
104,0,5.261784762676577,3.58097230137301,0,3.648035255555872,4.189966464137119,0,3.3751407802886577,-1.7145230010027492,0,6.393929836358964,-2.5244331662256236,0,2.002916478292431,-0.6239805365300777
105,0,2.592679342968128,5.569545287773687,0,3.726180541375504,3.8218130539226594,0,4.052390314808079,-0.24153904092103406,0,5.431772642208944,7.268635830124029,0,5.1778257714943425,2.8603073299360204
106,0,2.5905294616938126,5.816295715669789,0,7.90168618743281,4.320783290629006,0,4.57168226860098,-4.120053576321398,0,-1.0160076498503416,-0.7023943769125256,0,0.0991805095311884,9.561539714144812
107,0,-0.07627849718128843,3.205619716722105,0,2.032183876865406,4.716522600931175,0,8.33100009030672,1.767766169201276,0,2.8458030548743163,2.8890385044332625,0,3.114526296551462,4.502802901339233
108,0,5.533653287280754,3.6117073543266747,0,5.72862908098703,1.2857971327993951,0,1.7819843640650106,5.715883081394788,0,2.9152642622110894,-4.571273359974152,0,0.2119322731620359,11.55339590784591
109,0,5.78480393085481,8.204728419283231,0,2.123480046667799,7.870550619339532,0,3.148393800695339,4.088393695052769,0,-1.3791013409885382,-1.9417450628331667,0,5.61661740200712,-3.460934186530274
110,0,3.7893124258901585,5.646759518518131,0,2.2481080047919306,5.309868178689198,0,2.269874982718865,2.6507045333761314,0,2.0273346473098823,4.870959990575614,0,-1.617990627876492,0.7919834904319063
111,0,5.680103976907845,7.004572963924991,0,6.580309553325274,2.0809351218308043,0,11.003733137310522,7.848155553927544,0,3.428785692438405,-2.298324505709113,0,-1.2548474571276,1.7023550925051925
112,0,4.303948161599072,4.93884497801951,0,0.6640306724123075,1.8102488303517528,0,3.320684775447005,1.266025385525657,0,2.741617174872986,1.5690251493295828,0,6.981783162776491,-4.506537105499186
113,0,2.505243537491565,2.3880947953872864,0,4.73680854039802,0.9317861756750947,0,3.934196987636155,-2.913253467274969,0,-0.8619681605820793,-0.8770841648249901,0,0.20060910247483266,2.2546681162357163
114,0,2.34074738573207,2.318652697115028,0,4.160310177411604,3.335424291485025,0,-0.5557512303928496,2.088375997386544,0,-3.2895021277412173,4.919826586434964,0,-1.2798278128531124,5.773268717338158
115,0,3.6042560682044273,2.374360900871787,0,-0.8639337626987835,5.472841464035248,0,5.47236079356898,-0.9686118800968027,0,-2.139394320531336,0.4792412810170792,0,0.5586783037807252,-4.1956134039068775
116,0,3.2797055296984596,4.336932655060593,0,2.691812996228964,0.614578577641999,0,7.250562993993002,-6.933587453851107,0,-1.069144724856447,4.9081866904383125,0,3.566748568574714,-2.796795852527138
117,0,6.492528506278835,6.414021466949832,0,6.474711921440075,2.9682230855475744,0,3.314588422563185,3.579866868974423,0,1.2635844477948086,-0.20853781140342287,0,5.561788377972581,1.9949460042415632
118,0,5.288912033839743,2.4677415704339696,0,4.441986923496066,1.389048667008768,0,5.118825702531733,-1.3672620145711232,0,5.7821124584404515,0.9245875735567717,0,-1.3666825338577837,-2.4573976765637617
119,0,1.0989658675404512,3.5163045091430694,0,5.74527729520873,3.4528362254315397,0,6.384844680157377,-2.7967792918596235,0,-2.0718930908446156,0.38447059598945965,0,5.6783514794827745,3.0594891941937163
120,0,7.952944147539712,0.1873441814879948,0,1.6268953723665045,7.149279478470623,0,2.4043514220021063,-2.5779225883570227,0,5.1837320538773906,-2.8031755903643827,0,9.918797458864654,4.432445240814936
121,0,5.472218913624143,5.6870042715718,0,2.724872248806855,5.820833823488406,0,2.0069664670368543,-0.2926694844721589,0,1.1519517918711828,2.0227414597950664,0,8.666739591748598,5.827949868024402
122,0,3.100512329341489,6.529391449841207,0,4.606322749300695,2.063386030178402,0,2.8345751733234237,0.91006811478344,0,-1.0969320314433224,-7.379994648703663,0,-3.7940607868605936,2.702398596917541
123,0,0.18105437502141086,4.115701297449029,0,5.697988748695696,3.736754114041001,0,5.029177936807704,4.386712985112963,0,6.383098112192392,3.3252321988884312,0,7.057043555541455,-4.5834870390673235
124,0,7.931723391869297,6.64447799941114,0,7.17387108386532,4.944066558598606,0,3.897533688684255,4.011741163538365,0,-1.5924623688991129,6.2078838411096235,0,3.7628075240679544,3.9388329045792836
125,0,2.412206131066223,3.73469285138874,0,5.226256624817955,5.52559641689338,0,8.796400552812925,6.449995517230256,0,-2.472070161130503,-2.793097377476381,0,-0.49094431697021745,0.6807159984407383
126,0,3.0967352466746734,6.263532485489621,0,6.614666776995724,5.658282378502046,0,3.3762880177976267,-0.22693030706734874,0,7.431496768540346,5.920900889971584,0,1.970624935790424,-3.3386158836460673
127,0,5.6039380478253715,6.619045084238142,0,4.123698269826364,3.142008507237256,0,0.39555275756893105,4.724504777599913,0,-1.7421708109087066,7.927842422136818,0,3.7205565034130066,2.1630046633699425
128,0,4.062149009767773,3.601590461643083,0,4.3504884203401275,3.7900206104544374,0,5.50902199567809,0.9402962189985029,0,8.09641262451391,5.991620401546915,0,4.921066711601463,2.6261591706561527
129,0,6.62344390431685,3.486451716332421,0,1.8378608459706283,2.873553367796598,0,2.338261470713491,-0.8509561589134078,0,-0.4681316225209273,3.4294733131385753,0,0.9744145832747331,4.899614791486499
130,0,2.9318318220359423,4.866559205441731,0,3.431993185165847,1.4335638746310506,0,7.039500993497213,-2.747142249207739,0,0.950770527189305,3.0434818384141993,0,7.734936268606441,7.62611648184738
131,0,7.513465912023747,3.5600629798277845,0,4.772400937812494,5.3492450737724155,0,4.350137205567838,0.42008221251186884,0,1.8913323630969177,5.088076104351347,0,-1.5661993337945161,-3.353149714285621
132,0,2.9578667164462606,3.1617812449154536,0,4.789887945750649,6.599159174268934,0,3.4833969582235165,10.785491121660225,0,0.14662547964610506,6.306668928807543,0,0.6469104496599671,1.220760420791823
133,0,6.083058404222944,5.08060210400782,0,5.766398854340012,2.2801868006401165,0,4.688805490473372,-2.6437866845888998,0,1.0274024072212429,-3.3520487565128265,0,-0.09624502700643545,1.4172056983981673
134,0,2.4152644342706417,4.762031422056575,0,2.7128270620246173,1.4792869256461176,0,2.657893186572589,0.12642679969515336,0,4.596787648520261,7.201433480026985,0,4.184847698422018,3.7071170091000085
135,0,5.654950134741278,5.119613419588415,0,4.6313124693169945,3.915487101742433,0,2.4344259549991234,4.251524754870301,0,-1.1197663407782268,-1.6151037848096763,0,-1.4464521554867704,0.6077571546484428
136,0,4.906793337842772,4.9292210173331465,0,4.204193862324227,5.119102649532451,0,5.974153214544613,-5.8178958636485865,0,0.9063392157787742,-8.011289050704647,0,-1.8749480522539934,2.7342495350141736
137,0,6.218597520587812,7.227878406626962,0,3.6127944182286824,7.37270484795729,0,6.171401793289306,3.594438585612628,0,12.660805022868214,4.9792036529415356,0,4.08047102855947,2.433634839192423
138,0,3.9342132845855646,3.4365641630903223,0,2.693550864196216,4.630286494253026,0,4.376732860642364,3.3480011283484203,0,-4.708911745313033,8.459955543891887,0,4.406004241660162,-0.582022974587979
139,0,4.089564522061736,3.7366278687242644,0,4.354745013531428,3.4587920603602313,0,2.915126149656583,9.180199141132556,0,-3.2307727921027762,6.419066416513855,0,1.0439105408381786,5.201320205789999
140,0,6.7871849450900115,5.361160746348045,0,5.442602581562284,3.1936508019152665,0,5.764935334219025,1.8462344274055993,0,0.5041461257938833,2.30307554015139,0,7.62318593888091,-5.723820236506709
141,0,2.0700135227756182,3.1536448699574926,0,4.7555582118743605,3.486621405033224,0,6.450059645027707,-0.7464732505692635,0,1.8187968024046381,0.8420297787276132,0,-2.6602694691747626,-0.873163084366142
142,0,6.337975636306125,3.6051924514866913,0,2.859638517753173,3.6280973301630586,0,7.019083532918399,-0.2514754567734623,0,4.001604834660639,5.0434058962733985,0,4.514305177276141,4.072308094703172
143,0,3.906140379026006,1.736413146507191,0,4.211161603971327,7.2349488475554065,0,5.054396851942442,-0.6568185018763768,0,-1.8618814502420382,2.1477296467507037,0,-0.29141546877627666,8.148636053117453
144,0,5.788280903425877,3.2481524930192527,0,1.1474327919250866,7.219484442202097,0,3.620214008858528,1.4294557263300045,0,-0.6200574258685712,3.6709711323664225,0,7.358403205380121,-0.30869374437192354
145,0,5.0345499568829535,2.484672900709648,0,6.879870590675233,3.8101647929041405,0,5.552992112463502,-7.1764442973452685,0,-5.912805003373793,2.612969551421266,0,-1.1472915361783254,-2.0230730928556895
146,0,5.41662427722139,2.7988098079955375,0,4.014339023882142,2.11175436026664,0,3.7669845014970935,-5.649162015623984,0,-1.7401664892854005,1.3796571804487692,0,2.44324681433529,2.1656145504801554
147,0,5.255609272886923,6.022711850902503,0,3.710667365532386,6.503567648710684,0,5.424661993683778,7.9242659289473325,0,-0.4030051998496207,-0.23666884386050624,0,4.015003483694973,3.7312371039024086
148,0,4.21345131892271,4.106694918422234,0,3.8378069464993385,1.8812705574630737,0,2.6329896496766363,1.1949757494085427,0,-2.8992417245273696,1.5653997955388752,0,4.80107620188956,4.715142770405251
149,0,5.015915581219209,6.6683803055061475,0,4.006000652799028,3.5862396530733713,0,3.534561654963044,-0.20513122988191546,0,0.7309062830637649,1.3661941951258894,0,2.969776399650446,3.8305204737313976
150,0,2.789461500490556,2.0038298700651263,0,6.86614327302773,4.958625275481504,0,4.176254959578942,5.851052244403331,0,1.1290171137905063,0.6931995050393647,0,-1.7600198703581982,1.098937013323027
151,0,5.671333829250846,3.8554800836575254,0,3.7185958752670616,3.8700194782817983,0,1.076199654991445,-1.7479189890480313,0,5.5308668206079545,3.137221294800278,0,2.043460625680389,-3.9446018832223535
152,0,2.2905647867848433,4.861291333462149,0,7.741464853823592,3.2649142479091346,0,5.001335017529954,0.5569653100951251,0,3.055803358061131,5.739745774657706,0,0.8939388571300391,5.8455761178239225
153,0,5.793671796051104,4.957028850235635,0,2.421363173921848,6.589544746621754,0,5.583364826038376,2.1846074800644026,0,-4.314061977852628,7.326245302656103,0,2.684452733140484,-3.0897123558888175
154,0,5.526272788219855,5.465357625517577,0,-1.1748061965510015,5.254003976890169,0,5.5896098451837535,-3.582295343727944,0,2.691296838682379,0.513163286698757,0,6.76902196444826,6.332626418300226
155,0,1.7421797219183701,4.92229310180215,0,4.476314830688046,4.013942175505347,0,3.764488331144399,1.0009304421456537,0,6.183857535022297,7.0028718439047015,0,2.8269803746114723,0.1322168719095067
156,0,-0.6304719457357297,5.039977521315849,0,2.1620486752495562,6.208584020052992,0,8.890330233214463,2.966924855684171,0,7.722044980551739,-4.312946100556119,0,1.3949775748577975,4.934540956420461
157,0,2.8248669946784224,5.088968010038472,0,9.330574384947216,1.8682179149727816,0,3.969674298728859,3.222328127878222,0,-2.0655623859328287,2.8670914165171633,0,-0.5697854343058282,2.7588927765966362
158,0,5.877829561435881,5.475371849811986,0,4.075753105807099,2.4735503208397356,0,5.2352517605510975,0.9099521030326074,0,-0.8438480760201994,-5.592810878269066,0,3.2750554228940727,3.3459254756623853
159,0,3.4126865308239553,1.697083326815231,0,4.058069977061853,5.12669885362943,0,9.904822248367651,-3.6823202790532257,0,3.024222741641256,-0.5672463209864418,0,4.493484623376711,4.004220923314025
160,0,4.568178860016606,5.494001358202124,0,5.514887314646735,4.872386617532703,0,5.576501650083398,11.906176514587523,0,-0.03292715962521697,0.5186752549366009,0,0.884098773355767,6.0066351542741305
161,0,3.201745461898517,4.829618875064143,0,2.6075596034884025,2.7334480970387958,0,4.6269527133234645,-4.237176594717463,0,4.369801924724095,-2.309037769654366,0,0.6453753110779619,-6.69977359675207
162,0,8.043376066211845,4.923090182065847,0,1.917401183164667,4.538227818527784,0,1.6971947919986774,-3.030870112667481,0,-1.572229311990216,-0.6854327442701336,0,2.792649788492924,6.63588537136834
163,0,4.979313309106651,3.2013410849375763,0,0.41769376390738344,2.3851109069764895,0,2.1688335244032615,0.2822117613468278,0,-1.4109500773286223,-6.116622699090037,0,-1.8460312492593474,-1.5450202326589002
164,0,2.123225643250133,4.690898571600865,0,0.7902148415364798,4.292939049608997,0,6.14820210141205,6.631858732091893,0,-2.496732481880274,1.7359804822464782,0,4.603215046071263,6.695967858833704
165,0,5.282368901097952,3.8030865251844914,0,5.099975918618863,2.892275824209011,0,8.782657513180915,1.2815368282035484,0,2.188097720802736,8.093986688085753,0,-0.5204564852706186,-2.533995795951345
166,0,5.903385999744007,4.474830462653721,0,4.510061341927491,3.513491052980087,0,7.02231842504931,5.049347125272426,0,-1.2618532273651915,5.8426203974118565,0,-7.896279873805986,1.6230138650443688
167,0,5.932781051783166,3.6718300813421307,0,2.458372064939094,0.9489581110452754,0,5.2753332439976095,-1.4332251111732521,0,-0.76868982436056,0.6387867759110608,0,5.619365918283263,-3.3283908821234993
168,0,1.9598437788978251,3.6482252473506094,0,4.140712665278606,6.324555617216685,0,4.539368564935275,6.910903159700674,0,1.810883762946552,-6.226933956294442,0,0.009372887203356273,5.376158347638025
169,0,3.1746835547253305,3.644918294620819,0,1.4883187257642208,3.9755735208391876,0,4.743249840918485,7.918517495768506,0,1.7206414958110552,0.03935710878485654,0,-1.287720130552525,-0.06139205393425895
170,0,3.8620410556960003,7.333354775058156,0,1.6644997693022123,4.720922263000377,0,5.422843047609053,0.44015483551660717,0,1.3707456762063694,-2.3183566713463657,0,2.04670645009076,2.4484547231622353
171,0,4.590885520468449,3.029720236162209,0,2.817515720714894,6.461769998411326,0,7.090578752013918,6.78784699998097,0,3.0138391608175747,10.906662809994945,0,-5.839868556607583,2.5968764861350824
172,0,2.9517576839792765,0.9502361066745992,0,-1.6678727623701137,7.7881401392374165,0,3.3769058312027758,5.609601535884607,0,2.237110202953553,10.307729038540824,0,7.083196898308921,2.6088637706820963
173,0,2.832004741055444,4.576303596265595,0,4.70454670797199,5.1800290951780985,0,4.38128293167066,-2.125746019864801,0,-2.2832632210216213,1.3470473376771734,0,-3.790863646030176,6.049719613446063
174,0,3.8660877401019103,3.88560491700976,0,-0.07743535482334263,5.027941936333037,0,6.429596847083154,4.709896203684432,0,3.643799964700822,1.867024853880264,0,1.6236230342074454,0.20168016410332634
175,0,6.106851415819082,5.358244798591996,0,5.352712231167931,5.471492225809996,0,6.137081015778335,-0.356382459829244,0,2.7329543826174234,2.687600950412299,0,4.209112416415332,5.777604658906743
176,0,5.268673191784706,2.758620572215222,0,3.9666101098722586,5.770333951665898,0,0.22862937016910845,4.033386252212732,0,-4.972032583763649,-0.4761806909764217,0,1.3442023139736856,5.5125916116628275
177,0,4.938055926011467,6.718778963321452,0,3.6608300784448375,3.4680528012776906,0,5.475857062389724,-2.767772553122378,0,4.6340139101152555,2.6643200710405304,0,6.336627968540799,3.9083400723905006
178,0,1.7504351108770733,1.8274075218108758,0,3.169325641140578,7.555159954816967,0,5.204975132275467,6.30198623724319,0,0.16294161206957414,1.127720854422334,0,2.668969460680593,4.626978248352339
179,0,4.014576406912211,4.870083463852703,0,4.789266916144473,3.8512268892012775,0,7.932007389898197,3.1291294291021674,0,4.6207849088785125,-1.8823312772170722,0,5.580139521889567,4.169851377081077
180,0,3.255479386262458,6.774261644163797,0,4.15388170280699,3.048232537663642,0,4.628981443391084,6.395477289425669,0,2.3230504513518238,7.6822012919419915,0,1.0637481813540166,1.7570795438205649
181,0,-0.9584821872323008,7.796811469055353,0,6.228383476807846,3.5180608023976796,0,6.829629156430151,5.986181838888008,0,1.5587879576447992,4.240607861077352,0,1.2694017448994477,4.6100615948958765
182,0,4.190670176046147,5.221114902369317,0,4.3996587683294095,1.9630575040836433,0,5.537810180753316,3.9764041069738663,0,0.2580145337920381,-1.3257757801232448,0,5.442088452661926,1.588543388991488
183,0,5.861627999613391,3.7581947350385447,0,3.9867809962366283,5.073410431252997,0,4.280453335054684,2.6013891994075613,0,6.249450138298268,9.094528931739308,0,-1.337575433206803,6.134181667496925
184,0,4.190040147908224,3.0034969759671757,0,3.145250013258414,0.9254156176087402,0,7.037716498724884,4.945669396587022,0,2.841614174791448,-0.6840039144122874,0,4.750109558959869,5.891725433163403
185,0,1.3520545321755932,8.2960656758611,0,3.74625578943016,7.523956633434418,0,2.1996724191602377,0.06492470698555941,0,1.348559911464935,-1.9611027623338528,0,1.7389663233888828,-3.7586758979916697
186,0,0.7097619820026009,2.088938231833243,0,2.9822024591899643,5.50642671868475,0,2.4717941842054847,12.279271604560165,0,-6.48137001176012,1.2556059993509487,0,2.20189095681394,5.447965814122646
187,0,6.925440587341947,4.582270614426562,0,3.8972787004346374,6.5109553798383155,0,5.800647395757744,-3.4488481010625494,0,4.525259757245594,6.504801959031367,0,5.901008614157615,-1.9449373555779559
188,0,4.000077426078148,6.016824473298931,0,6.096371118900191,4.407103842042035,0,1.57685582418336,1.0098865175630984,0,5.883813505638134,7.559785152886425,0,3.8795429402421426,4.759806888561803
189,0,9.899855765604492,6.193297416625711,0,2.980629200359342,1.0056987650383844,0,2.762133974749657,-7.419481762686583,0,3.6880060897183338,1.9987103156456256,0,1.0593921448929051,0.5310889032042163
190,0,6.654060441846312,1.50464136913329,0,4.62631132819775,4.017541650754075,0,0.9201256233705979,6.2770457339736945,0,4.031859529498838,6.859656746026857,0,-2.809928441914262,0.5647432208481005
191,0,1.6278486477049379,3.764947330699294,0,8.104658869482742,0.9284582286227883,0,4.840819926931551,-3.6743469478929605,0,6.310038537657521,5.775983322064555,0,7.153966035986481,-2.0073607592383453
192,0,1.1976462621547022,5.941969976224008,0,2.5371758168890857,2.0665676819165872,0,3.3510730925138903,3.5629560856599296,0,7.026530154724506,-0.34057078638062377,0,0.7631360019268529,-4.168101920045534
193,0,3.6501312217661055,4.034329702066983,0,4.578132900522024,5.133760655490072,0,4.667994894054352,0.9251753212423692,0,1.5374001072658179,6.73084812750044,0,5.7605431470004405,3.0650265004511383
194,0,4.9389412957857335,4.460198936988019,0,2.2832659197595806,4.766080434548184,0,1.9372458564698873,2.0233744116119654,0,1.1312244599075623,7.14202653012174,0,-1.1621138196312781,1.8195699187374452
195,0,4.614190367674798,2.4542379197801445,0,7.440609910424261,3.7769566759944286,0,3.8548607144244458,4.479851151657893,0,-0.7823285394818145,5.811952831737914,0,-2.988765786351065,2.4896499563348087
196,0,5.394300802628283,3.91527733074719,0,4.572257025291688,3.8380601986747584,0,5.775773891897907,-15.000856496224635,0,9.042335437777881,6.565538097749513,0,-2.2784400313597732,0.0758022785640875
197,0,4.598935538166641,0.5902772439624719,0,3.422205184488429,4.669300711632492,0,4.9368585209295075,2.40053071677601,0,-0.8349485130834662,6.491191471110517,0,7.556213728846673,-5.3597326215120304
198,0,6.538454285310282,5.417214291253645,0,4.603859361853482,1.6353383414180387,0,7.715361721168771,1.0264965466022327,0,-0.22027053083610282,7.434340736502103,0,3.5765238713711622,1.4572277762457855
199,0,5.414431358659224,3.964510629505695,0,3.3258240956331333,3.1059421201008526,0,4.577614803863938,-3.0025959047517716,0,3.1405088452553187,-1.299291817423084,0,1.9617452798110004,3.709383530487
200,0,6.425992794783717,5.085679505211935,0,6.573171454261441,3.9571365913491934,0,4.396455509108276,2.8011215386971045,0,2.4073046956939503,-5.511724198396022,0,5.240555418619258,6.841924424190876
201,0,4.005537698829271,5.116139269051468,0,5.699887095504287,3.621469866382305,0,0.34152667029716754,-2.1273005941215697,0,-0.7248188737940788,-5.08905524881788,0,5.4928609882046935,-4.569949654242378
202,0,2.9362103234241026,5.148790895623548,0,2.774539373907768,0.5927921925460438,0,5.815220963134651,-2.4964629724986533,0,-4.171819746053421,1.6671165549930984,0,7.010037622268902,1.332734970292936
203,0,0.5649931322585804,6.1343710542172225,0,3.8014371247595764,4.398820311993313,0,2.616493298265887,2.1676504118628457,0,0.6928569381926637,1.408567066634404,0,0.6082333573429148,4.282731503660424
204,0,-2.2689724948820764,1.8168761157760565,0,4.26133375227879,6.893182492060933,0,2.0781290355626965,4.924623356528432,0,-1.9803648327612748,-1.0324377088842245,0,4.52125038904401,-1.1075598535216007
205,0,3.481905442873445,3.133059216863349,0,2.6383076679983373,3.583982367577638,0,1.7635006149738102,1.198409558885741,0,-0.8953457777280076,0.37549261340352746,0,6.779606188234814,2.4138410063041196
206,0,5.291115386191114,2.002153802319586,0,4.50161364307829,4.909897813471478,0,2.2584270498381347,3.544060912038666,0,9.586074182166303,-2.675939358212865,0,-3.423002907910057,-2.3786164787419315
207,0,1.5892454463541625,5.2639477323364545,0,6.668455747790748,5.681068055635466,0,5.725536963137505,0.8836923126283072,0,-1.6278692345551988,8.585354527973493,0,7.229440359277202,-8.705127019566149
208,0,5.386847002274735,2.2233610284603476,0,1.7138459310894127,-2.4082789298427976,0,6.736585150793264,3.7198844775851825,0,-2.816771704208307,0.9417459003671704,0,-0.522831376149115,-1.2397457418072957
209,0,5.095224507749034,-0.6801936718226953,0,4.799403505956415,2.7543090359987756,0,6.742461319936408,3.2339720723987506,0,8.00307655186659,4.205713349152546,0,0.2512446372264725,1.0867658609328998
210,0,5.034787671334648,0.27051827677804896,0,-1.2773819448011663,4.698419691061359,0,3.083040846440874,4.699032436018342,0,4.334575255638316,6.637051144248641,0,5.419837248637558,7.156330772668737
211,0,3.071283836604513,4.159654056668076,0,2.9817091294480536,5.814442802447302,0,3.6317013923981487,4.6867767938604485,0,10.629244828560687,-0.42996426326762327,0,2.3174387226023767,-1.8317042430510515
212,0,1.0976913541334454,4.2315885258376555,0,2.9829116969393032,4.102910115663827,0,3.5591665810295674,6.390838596225703,0,-7.684656136839262,-2.637988710330733,0,9.885077028407357,5.657707124806837
213,0,3.9848356654500865,3.993646775124674,0,6.548109778365495,1.5884864290605458,0,1.1149611844647467,3.5545878991822724,0,6.629998256075805,2.8315664037059034,0,-1.3085516623288407,7.625440442687742
214,0,2.4656266297903526,3.2053299028465188,0,6.906931243883875,1.0877399197594642,0,6.990742633616095,5.067893322417165,0,-3.5804563126358318,3.7603166452743,0,3.639306337901889,1.2610396667094368
215,0,3.328881539198387,4.610625661748314,0,6.8331518597218395,2.274041703284907,0,7.249808141543873,2.6200442795868613,0,1.3545966465279045,2.9309853315124323,0,4.772490945890573,0.7094220610498267
216,0,6.040368995931997,3.3451802273536244,0,5.834125752103568,6.41721532648172,0,3.0556600851125477,2.3925221378146215,0,3.764383031968988,4.677005954464272,0,2.641220483733763,3.812699950312037
217,0,4.264604357255234,2.378074675533628,0,2.2469166649998034,2.8172852417943863,0,5.101437083811423,-3.0011415633104033,0,9.205108828903844,6.177735460396099,0,7.8785015031791605,3.4232705998496007
218,0,7.358944231698835,4.416972924301666,0,4.940620075620562,0.8849790028291666,0,4.695824533292832,7.654469120774861,0,1.462051193891661,8.300852583218756,0,0.1411571899568691,6.884788798188746
219,0,4.114037901316769,3.1497917957058377,0,4.656374197666992,5.376725661203699,0,3.260183022717612,3.1643558233950975,0,8.447370628974742,2.6276172645745124,0,2.4425215565827916,8.760071073384138
220,0,6.162941168751263,1.690564876793216,0,6.181309071387256,3.893966255089835,0,3.7981976562748905,-1.5539207882725807,0,0.2037757773240656,-0.4444358800978918,0,-2.9727588234193822,8.193585078783158
221,0,5.815628363318227,6.830707104614484,0,5.681935042595975,2.9622532429884565,0,4.111419171160794,8.380122843220697,0,3.1639723534506885,3.8043781273298003,0,-3.7361690468316127,-1.8366598750203447
222,0,7.931214322971393,3.609238059981529,0,5.005683709605064,5.567813597448865,0,0.19255346163256126,1.5663214001276171,0,1.3802215493529895,3.2161024060073995,0,2.0451394375155614,2.609084040795288
223,0,3.9934733339257233,4.895159617030585,0,1.5731198440823508,3.6283388469153994,0,7.9890777448662025,-0.24814556814363486,0,-3.434563028484561,2.1883701407024136,0,2.963210326475172,8.727796884507312
224,0,5.446205263528276,3.1645096944707882,0,2.150225307752871,3.6893449135053697,0,2.977444545101603,4.35667972995838,0,11.475318313214004,2.731550718954251,0,-0.8962165088377922,1.2329922833128717
225,0,4.0981078813944025,6.036029084450098,0,7.235042194712041,6.83583959447677,0,4.28433527742674,0.5026326671998451,0,5.537832497311202,1.651039096718079,0,2.101556668360177,0.7907901342675723
226,0,4.7847335630307075,3.648611596457067,0,2.448284582869432,6.443705120658289,0,6.763792399829844,-0.585040109159555,0,4.3558954512231605,-0.750606189237375,0,1.6955210073742364,2.1966444154511953
227,0,5.914083395266303,-1.6733100170800528,0,1.8475902212607425,3.695986991239576,0,5.513912832586081,-4.599617546636854,0,-3.9147372857178473,5.348453913069921,0,5.2255122277561945,-0.8350155861189421
228,0,0.7438984121479928,2.004485275331489,0,3.210885777224968,6.05888942781846,0,5.146744176892288,1.1705021408838077,0,-0.6655833786309073,-1.160442578410478,0,-1.0833004115743923,4.714132908809502
229,0,3.6969255197536053,3.2811924307897806,0,7.660749482914896,4.960613284405726,0,4.306933187399626,1.8392526709530475,0,4.07937762134984,-3.3677786364923348,0,-0.5344894905418411,8.780778240509616
230,0,6.2908629081817455,6.092243709777613,0,3.6211903136679355,5.278654193259406,0,0.646981189011429,2.113904968268996,0,-6.7522244828053175,-0.6666594401409105,0,5.857772260616339,4.058593149181359
231,0,6.520428486461281,6.497913086711944,0,6.615544035559714,5.673867832902857,0,2.4833060292265605,-2.8769033724016904,0,0.05413098187324894,-5.410183228613147,0,1.5601004195263855,0.9906284927984823
232,0,3.182363034870324,1.685074225485785,0,4.494571374473335,-0.29762978200625145,0,4.817157645836041,2.5667516050002677,0,4.995623850703698,-1.0437726406393533,0,2.3135829827120906,2.9043719538886745
233,0,7.136334221346046,3.3462514817872457,0,1.4034280527861465,0.952965042054466,0,5.045905138799888,4.150574686778236,0,-6.410625621237465,7.026941870027756,0,3.115498351322001,-3.823521977045611
234,0,7.22985662725882,5.0107338748382375,0,3.364329151815206,3.6110364310171925,0,5.334839709709573,1.0030463178757527,0,0.8647810101327886,8.47044901608561,0,-1.997870116074957,-1.8659627181541674
235,0,4.316354771265969,6.098353444688888,0,2.680733396403637,-2.9301068292060135,0,2.8484321106493526,1.2901197177055272,0,-6.758321233643658,6.477062138867218,0,3.829149319900816,-2.7719764231114175
236,0,6.924045571652362,4.366198393884032,0,3.2887096343422524,5.063792182297483,0,5.138980026232121,3.705221009642349,0,1.9415133974732492,7.118971511003513,0,-0.569652184923656,4.057123576677212
237,0,2.7309130242510298,2.0996638992877195,0,0.714215027863911,3.7001041861102157,0,4.171971857409249,2.3456959160838164,0,5.772324038843587,5.524106327812991,0,-0.24797164912013958,2.7152605682871918
238,0,6.632726945261672,2.2114581613605555,0,0.9177123063054555,5.33168658086412,0,2.972123993135254,-0.4059874161445616,0,2.3162449279930795,4.395344154163592,0,-6.203120037510766,1.9979466778085972
239,0,4.0825213055566705,7.847584942959859,0,0.7259387241495725,5.526919988109761,0,6.10859361435012,4.189941829482984,0,-1.7238246582054662,9.585961568053474,0,-1.0891186877552137,7.361699873046758
240,0,7.252997562429492,6.996767492150084,0,2.979864584112791,2.9885134545448278,0,3.7512229785677977,5.788199080225134,0,-0.32049165504829613,3.720398275655172,0,-2.507701012468597,3.624042478029227
241,0,2.241172165566338,3.7757808674138764,0,0.7108087053232697,3.874583876815886,0,4.556410560224104,0.42062213438603013,0,-3.6827265499947535,-4.534870685843032,0,4.290675520734458,10.781475967690415
242,0,2.5878273669017258,0.7609814029535915,0,3.9218733777009485,2.047415258909382,0,1.2351846482075466,-1.4514950629059986,0,7.332549437268319,-3.844437739700602,0,9.111645198704604,5.488147020847984
243,0,4.848150220731655,1.6342782204563724,0,7.278320202063442,2.6074641814416113,0,2.7862288527461114,0.30099502886161233,0,-1.860354868287097,6.1173747002745715,0,5.296124851761846,-2.016386118509317
244,0,7.23951648889882,3.0154370636267602,0,4.318339138025071,2.4905422468895475,0,5.97230253808045,5.356075152950166,0,-0.552462460883453,4.840970607588728,0,1.3919011231841911,2.361028719941984
245,0,4.216020281421946,2.026589268929518,0,3.7828960908373306,1.989187909807768,0,2.9053860001236704,5.534214117380194,0,2.037097314841559,-9.587956979899099,0,3.566633769303043,4.688199269460329
246,0,2.98361818768151,3.1069588530730345,0,2.597997607285506,4.712876671926298,0,3.693475742321003,5.766084075633584,0,2.6221416386761045,-5.335653598908268,0,4.655079231127191,3.6348527383138665
247,0,2.674913709825915,2.237731533138727,0,4.661072645819284,0.18943349652339592,0,1.2105869967554534,5.2456887120762286,0,1.3771196218468595,1.8259969852925333,0,7.878365911266372,-3.354837050304196
248,0,3.2871004054464636,2.4901514316574263,0,5.157939057392718,4.029777094397475,0,5.87226569669644,2.3491477253650284,0,9.089062395887963,4.254026920704263,0,2.167575094835572,0.023260181768243404
249,0,5.936328961995433,7.746799631410868,0,0.8091333295405652,-0.4137079100658978,0,5.772429754466126,7.901023976406199,0,-2.3302254226008783,7.78757683230233,0,10.022830455393915,7.513039650262826
250,0,7.353235407877406,2.4598213015539026,0,0.8722584436077208,4.7483468579485635,0,4.7755032948988445,3.9739549854033442,0,7.207372362983227,-0.023429923999022773,0,1.3494273179705043,-4.131992987773169
251,0,4.570434724341086,7.075271502667481,0,3.3919309105875466,3.233439969070198,0,1.451838847187049,6.012863049780932,0,9.309576491381838,4.5593115414772925,0,-1.3205191118780526,0.9025905910086551
252,0,3.9024178610746105,2.3558844398354086,0,2.1156151766792393,1.2847350004604898,0,3.966471497991019,2.240027399323248,0,-4.110253461184184,6.758746770697846,0,6.814810652249262,-8.584953863485813
253,0,5.586901065140301,3.775523008840899,0,3.231685313423813,8.044521408294791,0,2.029768843623615,1.186750751412187,0,5.485646550657629,3.2928258349169193,0,-12.084193657316522,6.170881240177459
254,0,5.932326547417089,5.933429751890885,0,4.880931328727044,3.966542938198753,0,7.472579175540595,5.4072825019481225,0,6.78688058808466,-2.9842606492727732,0,-1.2986963272958185,-4.3256407942316
255,0,3.5951980665073764,2.6864090502970495,0,4.515255459936503,3.905582052526393,0,3.910303719231894,0.15350728159746607,0,3.1778204494203064,3.401514373112465,0,7.011732177182342,-0.29887355883428945
256,0,1.8196933987735622,3.301140290765396,0,4.373550853286816,5.884223056481001,0,5.631976383968645,-3.584152856255516,0,4.427004828937937,-2.366535073721284,0,3.6952654737878063,-2.0857558629755175
257,0,4.178794506804615,1.354082886466856,0,4.45584268066115,5.348549236144217,0,7.276040182557172,-2.1121142275797533,0,8.784101934987376,-4.236899267293066,0,4.171862029117449,5.209935928332549
258,0,5.6611763969648035,1.6909769963552135,0,2.4143430023945545,5.368419053506232,0,0.3582631762212425,-5.529213994747423,0,-0.20962391767680577,8.671104700768023,0,3.4332044966615274,4.911992051189461
259,0,5.59640973679798,4.206885701782719,0,2.119622709644128,3.181711956931246,0,5.197468792250957,7.222082338636895,0,2.3843715708687645,-0.41758300803082316,0,7.396016379297686,6.393950678803791
260,0,1.4345306927234347,0.5287713082680736,0,6.23027183944005,1.6328567686590265,0,6.670801962119521,4.2945991391414955,0,2.3216083284306617,5.596578003708601,0,2.909208383661979,3.111226418904944
261,0,2.909252971670991,1.6662874776809242,0,4.261747852469614,4.83093159299882,0,-0.535179251177448,5.517882522666323,0,1.6430283846767724,-4.384111654681809,0,3.152165219079884,0.7811653989101541
262,0,4.787724762367832,2.081411056963587,0,5.488101894233621,4.36454595614303,0,2.880425895315578,2.0578783690038565,0,-2.9401765821603263,-3.2099296968846556,0,0.23788680448250776,1.0691467867597897
263,0,4.6793719752722325,0.9621791574867444,0,7.237503841053751,4.9468628917966555,0,1.455407763614077,2.1726365304078725,0,4.477021839590549,-1.2793907175220696,0,3.2224391415176483,-0.8616570165876847
264,0,4.272502344496536,3.4058088537541713,0,2.3369169375211287,5.948318486134457,0,-0.6707449063947957,3.7060644139615935,0,0.1141135473185122,4.892708065208645,0,-0.6625455209924227,1.8792135592831287
265,0,4.596752632611503,5.339678369474034,0,4.439686465796261,1.7131765374009573,0,5.694997646847335,-3.1466810996964885,0,0.8559013091042895,2.7388526236160704,0,-4.408275999452701,-1.5049507035149943
266,0,8.178308486550105,3.5179602995526755,0,1.8122999344191433,3.974804849964388,0,3.6479371809553776,2.0957830919499276,0,2.5474063401122633,-5.638707729605839,0,-3.369050958142708,-2.7061601245870337
267,0,4.731865931768889,1.9506885593801426,0,6.422443281495221,4.032249848978248,0,2.753160870411727,-2.4744067869332644,0,2.847431254655309,-1.4738362909945244,0,-4.454107884385922,3.4494183052141154
268,0,3.2177815840805786,2.6379461305755587,0,9.196804052124548,2.1014201159222425,0,3.7102614352742034,5.775483011829821,0,2.495094132386224,0.13730760749835236,0,6.245123556962467,-2.5212912473230293
269,0,3.592265477283492,5.418806395534907,0,8.903651590404323,6.398515117396421,0,3.083848722207173,-1.512606487278422,0,-2.275027492048914,6.586292949975922,0,0.5881370592573034,4.498542371424931
270,0,4.45385042508957,3.6017274443715315,0,5.086809755925797,4.5552615374992795,0,4.0844123657974345,-2.627290552473184,0,3.312507872992633,7.827307666173048,0,-4.93550229977747,7.208706858935488
271,0,6.7591215508893425,5.582102284339293,0,2.5599682180952446,2.0744773076192704,0,0.9234723852316686,2.4183306326789475,0,-0.07709786227405191,-0.01973433811955516,0,2.0905291173805574,-4.552715018202343
272,0,2.65478701391282,6.92073414065721,0,2.4050092155944705,4.3015639003939325,0,3.316094916170993,6.628049779392004,0,11.15091600538253,3.4107265840405034,0,7.7907349286505605,0.7745927623852944
273,0,1.5066404045150685,1.3919091006127275,0,2.917018520146251,6.004208373983591,0,4.200084462854447,8.337572309046159,0,-5.033241245347924,4.059473677382643,0,1.3706454656054774,-6.78274307978344
274,0,6.431845291605178,4.665267718693307,0,0.5520292733441474,5.506319856922323,0,4.3287983839070945,1.6050965085950226,0,1.2370386754885974,-6.331666523958587,0,-5.5728153515576775,1.3849545504288234
275,0,3.727396035605253,1.0679183946433213,0,5.068511709971917,4.1227471238659765,0,4.454135866857468,-2.3439450569837845,0,2.0363071292660146,5.694617995813346,0,-1.9798015385858836,0.3304865104792958
276,0,3.620158714497193,-0.5541294580639802,0,1.6102246602182526,6.0268387497026,0,6.537685271069976,5.982663142915483,0,11.238451179447825,6.706661992876073,0,-3.8625271680151583,-2.6320714939579526
277,0,-0.9165228161772001,5.902832417538867,0,7.143852044644024,5.133282867344452,0,5.115755275506473,0.689618535767009,0,2.282450245183258,2.3242286808096497,0,-5.857744189045409,-0.20756684700760886
278,0,4.520123438187032,3.390741618364591,0,3.58127700441036,1.6955675703942301,0,3.477310731437579,7.079743371634785,0,-1.0603285889638143,5.802972821372926,0,0.15800284258289388,3.362719260432725
279,0,3.904121479923341,6.1319639599319276,0,2.0149484948072782,1.9606232125655056,0,3.9407922273341667,5.857613875831576,0,0.8100263685701217,-0.1603786943997032,0,5.245983311359273,-0.9175099161319045
280,0,2.1470289433794982,1.7408794087291666,0,5.642023766655279,3.5301442863427965,0,1.4486485949905292,4.766558365283828,0,3.431112218261542,4.2211674468588765,0,4.610561995444362,1.670269495543291
281,0,1.9788253604242492,4.021011637326026,0,5.828476628251646,3.986768701561045,0,7.110677018952197,-1.7724339370773592,0,5.102236904398742,-4.719246573716828,0,3.4957316551631763,0.044301074430958653
282,0,5.41334558282165,6.011240006987365,0,4.394678067898753,6.277356241052553,0,4.136071613022389,8.003757412070195,0,4.43149242101975,1.0476747936197714,0,3.249010066432284,11.47548743272558
283,0,4.669685161902814,3.6297267092243772,0,2.8262156857856104,2.2982128889066216,0,6.317071276655805,0.8454492223918173,0,4.298159905836784,6.387233586379872,0,-5.563641064338041,4.336956453539442
284,0,3.8406512300051454,7.666379695640966,0,5.55770210482488,2.115196984051215,0,2.485093192204541,8.204615265437115,0,0.9501182692568249,2.7262496210476437,0,3.278584674782791,6.5180626035114395
285,0,4.402164035635501,4.288480019279306,0,0.8441463841853767,3.2266251219771003,0,6.171058543355144,3.4998637117233553,0,3.997344042933476,1.375075935190058,0,-3.177801567994683,2.6527969875588058
286,0,2.6499105814663757,3.8859510662238437,0,6.88609557754876,1.489483549911113,0,7.459823097465966,-4.3272642917256965,0,-2.664877354758395,1.7927258153898606,0,1.6423884587897022,7.644970866824606
287,0,7.326227206356894,5.697998280622092,0,4.992206956087292,4.956254655523879,0,4.183431338516464,-2.5783755900902268,0,6.515239040915939,7.442673311054096,0,-4.168655994278307,5.741717242455298
288,0,6.008027933654102,4.919260918515471,0,4.859182017740124,5.560788329597244,0,5.8172685468079655,0.6859032305936745,0,5.24200438418077,1.4455319834267173,0,2.746567332677583,7.537429601836808
289,0,5.249269344775576,2.3206234522969664,0,3.9856653684502854,0.5332270155881584,0,5.9875781034112805,2.9682144259146277,0,1.7977250691028783,-4.515985024175829,0,12.403107938670004,-1.175527945988903
290,0,0.857081478479869,5.344080924097645,0,3.5241438789047406,1.6759766085284973,0,2.228909816531334,-2.0742132675456073,0,-1.2809070628580548,5.189681021314176,0,-5.4171133915675505,8.29300935055171
291,0,-1.3246462409285336,-1.1929688780947574,0,3.1801253156270435,2.6691386482493806,0,-0.5123366599840082,3.5496189298157956,0,2.7301610410971144,2.3480140471609716,0,1.8629635561232474,0.8796756002106625
292,0,2.7217563865303287,2.787632092069115,0,7.177136534727689,4.394225352920594,0,7.236200170723762,3.4629765582583496,0,1.0174363766588526,-3.0540324235790663,0,6.905106350531634,2.0944054876171
293,0,4.87075064675314,9.233306470827923,0,5.629109212216667,2.51713772008053,0,4.76332043500692,8.508881886937452,0,3.10072901884082,6.288619986496868,0,-5.094326572298246,0.25761434476462
294,0,4.951586373870162,4.871586455868264,0,5.358948127576355,1.514777180825936,0,5.1022986382680156,-7.939585568231022,0,1.6531073380282124,1.418651810546762,0,3.3355809175608004,-6.652875878028205
295,0,5.021216339437645,3.3993542155204812,0,3.1711523425406827,2.202360011781302,0,3.725848777011802,2.582547197203467,0,-1.1532793722653163,-6.112769089036409,0,-2.021404529221546,1.2586805432835662
296,0,5.7912452973372615,0.35266182247569366,0,5.409265373843104,5.986689274969887,0,-1.3147988178532284,-0.39946044454784735,0,0.3652819006179162,-2.8897575640413056,0,2.8003977167547736,-1.4202958786311495
297,0,2.5476916470095974,0.6269177160683115,0,6.152315052203799,3.6337827305808337,0,6.435010811627705,-3.8281090754738436,0,-5.4193263444546265,-3.8573343249568435,0,-1.4284239360684903,8.415224867478761
298,0,6.189001920009806,4.684128648201417,0,4.0367659243297425,2.7715085037442075,0,4.505496696636678,0.856498784501754,0,0.10012805619977438,3.2492503517535685,0,6.40074568242767,2.7277449966401353
299,0,2.2424688405401523,3.222999579532403,0,6.486544940648752,6.995756926278803,0,3.8026179928665482,5.609466650952425,0,2.218209608711154,7.138795714102065,0,7.907954302813232,4.444870370674229
